{
	"song": {
		"speed": 3,
		"stage": "fr",
		"player1": "bf",
		"player2": "almonds",
		"player3": null,
		"events": [],
		"notes": [
			{
				"gfSection": false,
				"lengthInSteps": 16,
				"altAnim": false,
				"typeOfSection": 0,
				"sectionNotes": [
					[
						0,
						2,
						0
					],
					[
						171.428571428571,
						2,
						0
					],
					[
						342.857142857143,
						2,
						0
					],
					[
						514.285714285714,
						2,
						0
					],
					[
						685.714285714286,
						1,
						0
					],
					[
						857.142857142857,
						1,
						0
					],
					[
						1028.57142857143,
						1,
						0
					],
					[
						1200,
						0,
						0
					]
				],
				"bpm": 150,
				"changeBPM": false,
				"mustHitSection": false
			},
			{
				"gfSection": false,
				"lengthInSteps": 16,
				"altAnim": false,
				"typeOfSection": 0,
				"sectionNotes": [
					[
						1714.28571428571,
						1,
						0
					],
					[
						1885.71428571429,
						1,
						0
					],
					[
						2057.14285714286,
						1,
						0
					],
					[
						2228.57142857143,
						1,
						0
					],
					[
						2400,
						1,
						0
					],
					[
						2571.42857142857,
						1,
						0
					],
					[
						2657.14285714286,
						3,
						0
					]
				],
				"bpm": 150,
				"changeBPM": false,
				"mustHitSection": false
			},
			{
				"gfSection": false,
				"lengthInSteps": 16,
				"altAnim": false,
				"typeOfSection": 0,
				"sectionNotes": [
					[
						2742.85714285714,
						0,
						0
					],
					[
						2914.28571428571,
						0,
						0
					],
					[
						3085.71428571429,
						0,
						0
					],
					[
						3257.14285714286,
						0,
						0
					],
					[
						3428.57142857143,
						1,
						0
					],
					[
						3600,
						1,
						0
					],
					[
						3771.42857142857,
						1,
						0
					],
					[
						3942.85714285714,
						3,
						0
					]
				],
				"bpm": 175,
				"changeBPM": false,
				"mustHitSection": true
			},
			{
				"gfSection": false,
				"lengthInSteps": 16,
				"altAnim": false,
				"typeOfSection": 0,
				"sectionNotes": [
					[
						4457.14285714286,
						2,
						0
					],
					[
						4628.57142857143,
						2,
						0
					],
					[
						4800,
						2,
						0
					],
					[
						4971.42857142857,
						2,
						0
					],
					[
						5142.85714285714,
						2,
						0
					],
					[
						5314.28571428571,
						2,
						0
					],
					[
						5400,
						0,
						0
					]
				],
				"bpm": 175,
				"changeBPM": false,
				"mustHitSection": true
			},
			{
				"gfSection": false,
				"lengthInSteps": 16,
				"altAnim": false,
				"typeOfSection": 0,
				"sectionNotes": [
					[
						5485.71428571429,
						2,
						0
					],
					[
						5657.14285714286,
						2,
						0
					],
					[
						5828.57142857143,
						1,
						0
					],
					[
						6000,
						2,
						0
					],
					[
						6171.42857142857,
						2,
						0
					],
					[
						6342.85714285714,
						1,
						0
					],
					[
						6514.28571428571,
						2,
						257.142857142857
					]
				],
				"bpm": 175,
				"changeBPM": false,
				"mustHitSection": false
			},
			{
				"gfSection": false,
				"lengthInSteps": 16,
				"altAnim": false,
				"typeOfSection": 0,
				"sectionNotes": [
					[
						6857.14285714286,
						2,
						257.142857142857
					],
					[
						7200,
						3,
						257.142857142857
					],
					[
						7542.85714285714,
						1,
						257.142857142857
					],
					[
						7885.71428571429,
						0,
						257.142857142857
					]
				],
				"bpm": 175,
				"changeBPM": false,
				"mustHitSection": false
			},
			{
				"gfSection": false,
				"lengthInSteps": 16,
				"altAnim": false,
				"typeOfSection": 0,
				"sectionNotes": [
					[
						8228.57142857143,
						0,
						0
					],
					[
						8400,
						0,
						0
					],
					[
						8571.42857142857,
						1,
						0
					],
					[
						8742.85714285714,
						0,
						0
					],
					[
						8914.28571428571,
						0,
						0
					],
					[
						9085.71428571428,
						1,
						0
					],
					[
						9257.14285714286,
						0,
						257.142857142857
					]
				],
				"bpm": 175,
				"changeBPM": false,
				"mustHitSection": true
			},
			{
				"gfSection": false,
				"lengthInSteps": 16,
				"altAnim": false,
				"typeOfSection": 0,
				"sectionNotes": [
					[
						9600,
						3,
						257.142857142857
					],
					[
						9942.85714285714,
						0,
						257.142857142857
					],
					[
						10285.7142857143,
						1,
						257.142857142857
					],
					[
						10628.5714285714,
						3,
						257.142857142857
					]
				],
				"bpm": 175,
				"changeBPM": false,
				"mustHitSection": true
			},
			{
				"gfSection": false,
				"lengthInSteps": 16,
				"altAnim": false,
				"typeOfSection": 0,
				"sectionNotes": [
					[
						10971.4285714286,
						2,
						171.428571428571
					],
					[
						11228.5714285714,
						0,
						171.428571428571
					],
					[
						11485.7142857143,
						1,
						85.7142857142857
					],
					[
						11657.1428571429,
						2,
						171.428571428571
					],
					[
						11914.2857142857,
						0,
						171.428571428571
					],
					[
						12171.4285714286,
						1,
						85.7142857142857
					]
				],
				"bpm": 175,
				"changeBPM": false,
				"mustHitSection": false
			},
			{
				"gfSection": false,
				"lengthInSteps": 16,
				"altAnim": false,
				"typeOfSection": 0,
				"sectionNotes": [
					[
						12342.8571428571,
						3,
						0
					],
					[
						12685.7142857143,
						3,
						0
					],
					[
						13028.5714285714,
						3,
						0
					],
					[
						13371.4285714286,
						3,
						0
					],
					[
						13542.8571428571,
						1,
						0
					]
				],
				"bpm": 175,
				"changeBPM": false,
				"mustHitSection": false
			},
			{
				"gfSection": false,
				"lengthInSteps": 16,
				"altAnim": false,
				"typeOfSection": 0,
				"sectionNotes": [
					[
						13714.2857142857,
						0,
						0
					],
					[
						13800,
						0,
						0
					],
					[
						13885.7142857143,
						0,
						0
					],
					[
						13971.4285714286,
						0,
						0
					],
					[
						14057.1428571429,
						2,
						0
					],
					[
						14142.8571428571,
						2,
						0
					],
					[
						14228.5714285714,
						3,
						0
					],
					[
						14314.2857142857,
						3,
						0
					],
					[
						14400,
						0,
						0
					],
					[
						14485.7142857143,
						0,
						0
					],
					[
						14571.4285714286,
						0,
						0
					],
					[
						14657.1428571429,
						0,
						0
					],
					[
						14742.8571428571,
						2,
						0
					],
					[
						14828.5714285714,
						2,
						0
					],
					[
						14914.2857142857,
						3,
						0
					],
					[
						15000,
						3,
						0
					]
				],
				"bpm": 175,
				"changeBPM": false,
				"mustHitSection": false
			},
			{
				"gfSection": false,
				"lengthInSteps": 16,
				"altAnim": false,
				"typeOfSection": 0,
				"sectionNotes": [
					[
						15085.7142857143,
						0,
						0
					],
					[
						15171.4285714286,
						3,
						0
					],
					[
						15257.1428571429,
						0,
						0
					],
					[
						15342.8571428571,
						3,
						0
					],
					[
						15428.5714285714,
						2,
						0
					],
					[
						15514.2857142857,
						2,
						0
					],
					[
						15600,
						1,
						0
					],
					[
						15685.7142857143,
						1,
						0
					],
					[
						15771.4285714286,
						3,
						0
					],
					[
						15857.1428571429,
						0,
						0
					],
					[
						15942.8571428571,
						3,
						0
					],
					[
						16028.5714285714,
						0,
						0
					],
					[
						16114.2857142857,
						1,
						0
					],
					[
						16200,
						1,
						0
					],
					[
						16285.7142857143,
						2,
						0
					],
					[
						16371.4285714286,
						2,
						0
					]
				],
				"bpm": 175,
				"changeBPM": false,
				"mustHitSection": false
			},
			{
				"gfSection": false,
				"lengthInSteps": 16,