{
	"song": {
		"player1": "bf",
		"events": [],
		"gfVersion": "gf",
		"notes": [
			{
				"sectionNotes": [],
				"lengthInSteps": 16,
				"mustHitSection": true
			},
			{
				"sectionNotes": [],
				"lengthInSteps": 16,
				"mustHitSection": true
			},
			{
				"sectionNotes": [
					[
						3692.30769230769,
						1,
						0
					],
					[
						3807.69230769231,
						2,
						0
					],
					[
						3923.07692307692,
						0,
						0
					],
					[
						4038.46153846154,
						3,
						0
					],
					[
						4153.84615384615,
						1,
						0
					],
					[
						4269.23076923077,
						2,
						0
					],
					[
						4384.61538461538,
						0,
						0
					],
					[
						4500,
						3,
						0
					],
					[
						4615.38461538462,
						0,
						0
					],
					[
						4730.76923076923,
						2,
						0
					],
					[
						4846.15384615385,
						1,
						0
					],
					[
						4961.53846153846,
						3,
						0
					],
					[
						5076.92307692308,
						2,
						0
					],
					[
						5192.30769230769,
						2,
						0
					],
					[
						5307.69230769231,
						0,
						0
					],
					[
						5423.07692307692,
						1,
						0
					]
				],
				"lengthInSteps": 16,
				"mustHitSection": true
			},
			{
				"sectionNotes": [
					[
						5538.46153846154,
						0,
						0
					],
					[
						5596.15384615385,
						2,
						0
					],
					[
						5653.84615384615,
						3,
						0
					],
					[
						5711.53846153846,
						1,
						0
					],
					[
						5769.23076923077,
						2,
						0
					],
					[
						5884.61538461538,
						3,
						0
					],
					[
						6000,
						0,
						0
					],
					[
						6057.69230769231,
						2,
						0
					],
					[
						6115.38461538462,
						3,
						0
					],
					[
						6173.07692307692,
						2,
						0
					],
					[
						6230.76923076923,
						1,
						0
					],
					[
						5826.92307692308,
						0,
						0
					],
					[
						6288.46153846154,
						0,
						0
					],
					[
						6461.53846153846,
						1,
						0
					],
					[
						6576.92307692308,
						3,
						0
					],
					[
						6346.15384615385,
						2,
						0
					],
					[
						6692.30769230769,
						2,
						0
					],
					[
						6807.69230769231,
						0,
						0
					],
					[
						6923.07692307692,
						1,
						0
					],
					[
						7038.46153846154,
						2,
						0
					],
					[
						7153.84615384615,
						0,
						0
					],
					[
						7269.23076923077,
						1,
						0
					]
				],
				"lengthInSteps": 16,
				"mustHitSection": true
			},
			{
				"sectionNotes": [
					[
						7384.61538461538,
						3,
						0
					],
					[
						7500,
						1,
						0
					],
					[
						7615.38461538462,
						2,
						0
					],
					[
						7730.76923076923,
						0,
						0
					],
					[
						7846.15384615385,
						1,
						0
					],
					[
						7961.53846153846,
						3,
						0
					],
					[
						8076.92307692308,
						2,
						0
					],
					[
						8192.30769230769,
						1,
						0
					],
					[
						8307.69230769231,
						0,
						0
					],
					[
						8365.38461538462,
						2,
						0
					],
					[
						8423.07692307692,
						3,
						0
					],
					[
						8480.76923076923,
						1,
						0
					],
					[
						8538.46153846154,
						2,
						0
					],
					[
						8596.15384615385,
						3,
						0
					],
					[
						8653.84615384615,
						2,
						0
					],
					[
						8711.53846153846,
						1,
						0
					],
					[
						8769.23076923077,
						2,
						0
					],
					[
						8826.92307692308,
						3,
						0
					],
					[
						8884.61538461538,
						0,
						0
					],
					[
						8942.30769230769,
						1,
						0
					],
					[
						9000,
						2,
						0
					],
					[
						9057.69230769231,
						3,
						0
					],
					[
						9115.38461538462,
						2,
						0
					],
					[
						9173.07692307692,
						1,
						0
					]
				],
				"lengthInSteps": 16,
				"mustHitSection": true
			},
			{
				"sectionNotes": [
					[
						9230.76923076923,
						0,
						0
					],
					[
						9346.15384615385,
						1,
						0
					],
					[
						9461.53846153846,
						0,
						0
					],
					[
						9576.92307692308,
						1,
						0
					],
					[
						9692.30769230769,
						3,
						0
					],
					[
						9807.69230769231,
						2,
						0
					],
					[
						9923.07692307692,
						3,
						0
					],
					[
						10038.4615384615,
						2,
						0
					],
					[
						10153.8461538462,
						1,
						0
					],
					[
						10269.2307692308,
						2,
						0
					],
					[
						10384.6153846154,
						1,
						0
					],
					[
						10500,
						2,
						0
					],
					[
						10615.3846153846,
						3,
						0
					],
					[
						10730.7692307692,
						0,
						0
					],
					[
						10846.1538461538,
						3,
						0
					],
					[
						10961.5384615385,
						0,
						0
					]
				],
				"lengthInSteps": 16,
				"mustHitSection": true
			},
			{
				"sectionNotes": [
					[
						11076.9230769231,
						1,
						0
					],
					[
						11192.3076923077,
						2,
						0
					],
					[
						11307.6923076923,
						0,
						0
					],
					[
						11423.0769230769,
						3,
						0
					],
					[
						11538.4615384615,
						1,
						0
					],
					[
						11653.8461538462,
						2,
						0
					],
					[
						11769.2307692308,
						0,
						0
					],
					[
						11884.6153846154,
						3,
						0
					],
					[
						12000,
						0,
						0
					],
					[
						12115.3846153846,
						2,
						0
					],
					[
						12230.7692307692,
						1,
						0
					],
					[
						12346.1538461538,
						3,
						0
					],
					[
						12461.5384615385,
						2,
						0
					],
					[
						12576.9230769231,
						2,
						0
					],
					[
						12692.3076923077,
						0,
						0
					],
					[
						12807.6923076923,
						1,
						0
					]
				],
				"lengthInSteps": 16,
				"mustHitSection": true
			},
			{
				"sectionNotes": [
					[
						12923.0769230769,
						0,
						0
					],
					[
						12980.7692307692,
						2,
						0
					],
					[
						13038.4615384615,
						3,
						0
					],
					[
						13096.1538461538,
						1,
						0
					],
					[
						13153.8461538462,
						2,
						0
					],
					[
						13269.2307692308,
						3,
						0
					],
					[
						13384.6153846154,
						0,
						0
					],
					[
						13442.3076923077,
						2,
						0
					],
					[
						13500,
						3,
						0
					],
					[
						13557.6923076923,
						2,
						0
					],
					[
						13615.3846153846,
						1,
						0
					],
					[
						13211.5384615385,
						0,
						0
					],
					[
						13673.0769230769,
						0,
						0
					],
					[
						13846.1538461538,
						1,
						0
					],
					[
						13961.5384615385,
						3,
						0
					],
					[
						13730.7692307692,
						2,
						0
					],
					[
						14076.9230769231,
						2,
						0
					],
					[
						14192.3076923077,
						0,
						0
					],
					[
						14307.6923076923,
						1,
						0
					],
					[
						14423.0769230769,
						2,
						0
					],
					[
						14538.4615384615,
						0,
						0
					],
					[
						14653.8461538462,
						1,
						0
					]
				],
				"lengthInSteps": 16,